{
  "source": "models/e_nable_phoenix_hand_v3.step",
  "recentered": true,
  "n_components": 9,
  "components": [
    {
      "name": "Arm Guard",
      "file": "Arm_Guard.step",
      "n_solids": 1,
      "original_bbox": {
        "min": [
          -124.17817124663209,
          -93.10042044908464,
          -0.001317489426273214
        ],
        "max": [
          -29.12142278016045,
          -6.097399731511791,
          6.066423767189969
        ]
      },
      "recenter_offset": [
        76.64979701339627,
        49.59891009029821,
        0.001317489426273214
      ],
      "restore_translation": [
        -76.64979701339627,
        -49.59891009029821,
        -0.001317489426273214
      ]
    },
    {
      "name": "Palm (left)",
      "file": "Palm_left.step",
      "n_solids": 1,
      "original_bbox": {
        "min": [
          -22.101529072989752,
          -97.06304650994534,
          -6.624201564594403
        ],
        "max": [
          61.57711351112966,
          -2.9262070668910423,
          28.778791447365453
        ]
      },
      "recenter_offset": [
        -19.737792219069952,
        49.99462678841819,
        6.624201564594403
      ],
      "restore_translation": [
        19.737792219069952,
        -49.99462678841819,
        -6.624201564594403
      ]
    },
    {
      "name": "Palm (right)",
      "file": "Palm_right.step",
      "n_solids": 1,
      "original_bbox": {
        "min": [
          77.29168739219341,
          -97.06304650994534,
          -4.62420156459439
        ],
        "max": [
          160.97032997631294,
          -2.9262070668911484,
          30.77879144736545
        ]
      },
      "recenter_offset": [
        -119.13100868425317,
        49.994626788418245,
        4.62420156459439
      ],
      "restore_translation": [
        119.13100868425317,
        -49.994626788418245,
        -4.62420156459439
      ]
    },
    {
      "name": "Snap Pins",
      "file": "Snap_Pins.step",
      "n_solids": 13,
      "original_bbox": {
        "min": [
          -74.9457979754706,
          30.618129441077116,
          -0.7006345757684587
        ],
        "max": [
          -12.592274203736041,
          69.04987764303216,
          4.3191160645210465
        ]
      },
      "recenter_offset": [
        43.76903608960332,
        -49.83400354205464,
        0.7006345757684587
      ],
      "restore_translation": [
        -43.76903608960332,
        49.83400354205464,
        -0.7006345757684587
      ]
    },
    {
      "name": "Tensioner Block",
      "file": "Tensioner_Block.step",
      "n_solids": 1,
      "original_bbox": {
        "min": [
          120.41665091011403,
          42.87567873974683,
          -0.17118465258864465
        ],
        "max": [
          143.69613420269596,
          53.909538472858564,
          27.829523369193566
        ]
      },
      "recenter_offset": [
        -132.056392556405,
        -48.3926086063027,
        0.17118465258864465
      ],
      "restore_translation": [
        132.056392556405,
        48.3926086063027,
        -0.17118465258864465
      ]
    },
    {
      "name": "Tensioner Pins",
      "file": "Tensioner_Pins.step",
      "n_solids": 3,
      "original_bbox": {
        "min": [
          123.6355234103732,
          56.82040437821176,
          -0.8301943413245272
        ],
        "max": [
          140.16329987383781,
          89.95849528843175,
          5.477232669945316
        ]
      },
      "recenter_offset": [
        -131.89941164210552,
        -73.38944983332175,
        0.8301943413245272
      ],
      "restore_translation": [
        131.89941164210552,
        73.38944983332175,
        -0.8301943413245272
      ]
    },
    {
      "name": "COMPOUND",
      "file": "COMPOUND.step",
      "n_solids": 2,
      "original_bbox": {
        "min": [
          123.6355234103732,
          56.82040437821176,
          -0.8301943413245272
        ],
        "max": [
          140.16329987383781,
          89.95849528843175,
          5.477232669945316
        ]
      },
      "recenter_offset": [
        -131.89941164210552,
        -73.38944983332175,
        0.8301943413245272
      ],
      "restore_translation": [
        131.89941164210552,
        73.38944983332175,
        -0.8301943413245272
      ]
    },
    {
      "name": "Proximals",
      "file": "Proximals.step",
      "n_solids": 5,
      "original_bbox": {
        "min": [
          30.50286513347534,
          54.82758248688347,
          -0.17906160878537758
        ],
        "max": [
          101.68927242535756,
          91.03283305579346,
          17.027339739810362
        ]
      },
      "recenter_offset": [
        -66.09606877941644,
        -72.93020777133847,
        0.17906160878537758
      ],
      "restore_translation": [
        66.09606877941644,
        72.93020777133847,
        -0.17906160878537758
      ]
    },
    {
      "name": "Distals",
      "file": "Distals.step",
      "n_solids": 5,
      "original_bbox": {
        "min": [
          32.57867474923691,
          4.971862217758838,
          -1.2885126550333013
        ],
        "max": [
          99.08743592983929,
          49.62449310016269,
          15.18659688081899
        ]
      },
      "recenter_offset": [
        -65.8330553395381,
        -27.298177658960764,
        1.2885126550333013
      ],
      "restore_translation": [
        65.8330553395381,
        27.298177658960764,
        -1.2885126550333013
      ]
    }
  ]
}